order_id,shipping_date,delivery_date,carrier,tracking_number
10,2023-09-22,2023-08-16,Mita,9
34,2024-05-02,2023-10-17,Aimbu,93
74,2023-11-02,2023-10-15,Jabbercube,33
41,2023-12-26,2023-10-17,Mycat,7
6,2023-11-04,2024-02-13,Topicshots,65
77,2024-05-03,2024-01-24,Shuffletag,93
11,2024-05-09,2024-02-17,Mita,34
4,2024-05-25,2024-07-16,Feedmix,77
81,2024-05-16,2023-10-31,Riffpedia,45
85,2023-10-30,2024-04-04,BlogXS,92
47,2024-01-20,2023-09-12,Wikibox,52
53,2023-11-08,2024-07-26,Thoughtsphere,37
3,2024-06-11,2023-09-04,Mydeo,83
83,2024-03-19,2024-04-15,Fatz,100
19,2024-03-26,2024-02-27,Flipstorm,100
17,2024-05-29,2023-09-09,Skipfire,99
36,2024-05-18,2023-08-31,Vipe,44
91,2023-08-07,2024-07-24,Trilith,25
41,2023-09-24,2024-05-15,Photobug,94
62,2024-02-13,2024-06-02,Roodel,62
27,2023-11-11,2024-05-09,Skyvu,78
3,2024-06-10,2023-10-13,Trilia,93
38,2023-10-26,2024-02-26,Tagfeed,87
24,2023-12-01,2024-06-23,Flashset,51
9,2024-03-16,2024-02-11,Dabfeed,57
47,2023-08-23,2024-02-11,Twitterworks,79
37,2024-03-23,2024-06-07,Jaxnation,72
65,2024-01-21,2024-03-05,Trunyx,39
35,2024-01-22,2024-03-27,Devbug,33
40,2024-07-05,2023-12-02,Tambee,21
82,2024-03-18,2024-02-15,Babbleopia,24
22,2024-02-29,2024-02-02,Latz,33
25,2024-01-07,2023-12-28,Yotz,62
5,2023-12-27,2024-03-20,Dabtype,22
33,2024-04-25,2023-08-25,Skipfire,82
30,2024-04-22,2024-04-09,Izio,70
26,2024-04-26,2024-02-04,Skiba,16
26,2024-03-27,2023-11-16,Mynte,78
30,2024-02-26,2024-01-17,Realcube,21
59,2023-12-25,2023-10-06,Kaymbo,5
38,2023-09-07,2023-08-05,Twitterbridge,32
58,2024-03-25,2024-06-03,Dynava,84
89,2024-01-09,2023-11-15,Topicshots,52
7,2024-04-02,2024-05-28,Yodoo,99
76,2023-12-25,2024-02-08,Dynabox,31
46,2023-08-24,2023-12-14,Linklinks,19
88,2023-09-29,2023-12-27,Jetwire,46
9,2024-02-28,2023-08-14,Tanoodle,51
57,2024-01-12,2023-10-15,Quatz,46
60,2024-06-09,2024-02-22,Bluejam,57
25,2023-12-31,2023-12-11,Fivechat,13
15,2024-03-30,2023-08-21,Bubbletube,35
67,2023-09-12,2023-08-16,Browsetype,84
20,2024-04-29,2024-01-14,Eazzy,86
11,2024-07-26,2024-07-24,Pixope,47
61,2023-09-04,2024-02-12,Wikido,8
20,2024-06-28,2024-05-09,Jetpulse,88
23,2024-07-20,2024-05-08,Feedbug,76
76,2024-07-25,2023-07-30,Edgeblab,37
3,2023-10-01,2023-09-29,Shuffletag,77
54,2024-06-22,2024-05-26,Yabox,57
96,2024-02-17,2024-05-26,Blogspan,39
93,2024-03-11,2023-11-22,Livefish,33
86,2024-02-11,2023-11-29,Shufflebeat,95
15,2023-10-06,2024-04-03,Linklinks,91
73,2024-03-29,2024-05-21,Plajo,37
3,2023-09-02,2023-09-15,Chatterpoint,73
54,2024-05-19,2023-09-19,Dablist,1
41,2023-09-21,2023-08-31,Zoomzone,97
8,2024-05-03,2023-12-19,Digitube,29
7,2023-11-17,2023-09-20,Leenti,73
46,2023-08-03,2024-05-19,Photobean,75
7,2024-04-30,2023-09-07,Kamba,95
52,2023-11-21,2023-12-19,Avavee,26
36,2023-09-21,2024-02-27,Viva,95
89,2023-12-05,2023-11-20,Topicstorm,2
35,2024-01-01,2024-06-05,Edgeclub,79
35,2023-10-28,2023-10-15,Quimm,46
87,2023-08-27,2023-12-19,Browsecat,89
61,2024-02-29,2024-02-12,Kwimbee,76
51,2024-05-26,2024-01-24,Topiclounge,78
67,2024-05-20,2023-08-26,Latz,17
1,2023-08-21,2024-02-25,Jabbersphere,58
43,2024-07-22,2023-08-21,Oozz,56
29,2023-08-15,2024-05-12,Edgeify,18
67,2024-05-10,2024-06-02,Jayo,46
13,2023-09-16,2024-01-04,Youspan,20
76,2024-02-03,2023-09-09,Skipfire,18
18,2023-11-19,2024-05-10,Yakijo,46
68,2024-05-11,2023-12-10,Innotype,93
46,2023-08-04,2023-10-10,Bubbletube,32
30,2024-05-23,2023-11-25,Oozz,70
56,2024-05-16,2023-11-06,Eire,49
51,2024-05-07,2023-11-13,Rhynyx,12
76,2024-02-26,2023-10-25,Feedbug,33
99,2023-10-16,2023-08-07,Meezzy,60
34,2024-06-09,2024-06-24,Ntag,60
50,2024-07-08,2023-12-04,Photofeed,54
34,2024-07-06,2024-02-25,Gabtune,62
93,2024-01-21,2024-02-11,Skimia,68
97,2023-09-03,2023-11-10,Skyba,52
16,2023-10-14,2023-10-22,Realbuzz,50
26,2023-08-08,2023-11-23,Meezzy,77
99,2024-03-23,2024-01-15,Meevee,38
45,2024-03-30,2023-07-30,Jetpulse,25
63,2023-12-13,2024-04-22,Centidel,49
76,2023-08-09,2024-06-27,Zoomdog,27
5,2023-11-17,2023-12-09,Thoughtblab,88
1,2024-05-27,2024-05-10,Jayo,23
48,2024-04-20,2024-03-11,Agivu,42
82,2024-06-23,2024-03-26,Realmix,35
67,2024-04-29,2023-09-25,Zooveo,72
44,2024-06-22,2023-12-26,Quamba,88
48,2024-05-24,2024-04-01,Wikizz,19
5,2023-10-16,2024-05-06,Zoomdog,19
86,2024-07-10,2024-06-26,Brainbox,73
95,2024-05-22,2024-04-12,Jaloo,14
74,2023-11-15,2023-11-28,Linktype,56
6,2024-03-30,2024-03-07,Voonyx,15
59,2023-08-10,2023-09-11,Thoughtstorm,80
31,2024-03-15,2024-01-22,Voolith,92
39,2024-04-07,2023-08-27,Voonder,65
6,2023-08-06,2024-04-14,Oodoo,83
19,2024-02-11,2024-03-04,Camido,35
64,2024-04-05,2024-02-21,Midel,14
14,2023-10-28,2024-07-11,Yata,74
50,2024-04-30,2024-07-17,Gabspot,100
93,2023-10-16,2024-02-17,Fivespan,77
1,2023-10-18,2024-06-21,Avamba,22
20,2023-08-10,2024-05-26,Skimia,53
94,2024-04-25,2024-05-11,Camimbo,88
28,2024-05-10,2023-08-28,Katz,58
89,2023-12-24,2024-02-06,Chatterbridge,63
77,2024-02-23,2023-08-17,Skyba,24
91,2024-02-17,2024-03-06,Devshare,65
1,2023-08-22,2024-02-24,Jaloo,100
16,2023-10-24,2024-04-28,Youbridge,87
35,2023-11-07,2024-07-02,Jatri,88
12,2023-08-16,2024-06-26,Rhybox,77
30,2023-11-18,2024-05-21,Photojam,42
51,2024-06-30,2024-04-13,Buzzster,20
75,2024-06-16,2023-10-11,Feedfire,37
5,2024-06-21,2023-10-23,Edgewire,12
70,2023-11-08,2023-12-21,Zoomlounge,19
90,2024-06-04,2024-06-10,Twinder,67
11,2023-09-19,2024-03-01,Tagpad,88
19,2023-11-30,2024-07-20,Twitterbridge,63
32,2023-09-11,2024-06-22,Browsezoom,86
40,2023-07-31,2024-02-05,Photobug,38
83,2024-03-11,2023-11-18,Demivee,40
43,2024-02-01,2024-01-08,Centizu,58
16,2024-01-08,2024-03-06,Yakijo,22
51,2023-07-31,2023-10-03,Skiba,60
66,2023-10-20,2024-06-06,Mynte,94
13,2024-02-04,2024-05-14,Trunyx,33
98,2024-04-23,2024-04-10,DabZ,97
28,2024-03-20,2023-12-17,Izio,42
80,2023-08-03,2024-07-11,Avamm,5
51,2024-04-13,2024-06-04,Browseblab,10
58,2024-02-26,2023-08-26,Quimm,5
79,2023-11-02,2024-05-18,Skinix,93
14,2023-10-27,2024-02-26,Skyvu,71
49,2023-10-04,2023-11-24,Feedfish,63
18,2023-12-28,2024-04-27,Browseblab,32
25,2024-01-08,2024-03-05,Eabox,19
65,2024-06-16,2024-01-20,Edgeify,81
63,2023-12-26,2023-09-20,Roombo,66
37,2023-11-26,2024-05-22,Gabspot,33
9,2024-02-14,2023-08-28,Zoomlounge,31
26,2023-08-18,2023-10-23,Jabbersphere,79
1,2023-09-02,2023-08-26,Dabtype,69
77,2023-09-08,2023-10-05,Dabjam,82
52,2024-07-27,2023-12-05,Jabbercube,36
97,2024-05-20,2024-06-07,Topicblab,50
78,2024-06-04,2023-07-30,Oyoba,92
96,2023-11-24,2024-06-26,Mynte,76
68,2024-06-22,2023-08-18,Fivechat,78
5,2024-02-14,2023-12-17,Fivebridge,4
33,2023-12-18,2024-05-11,Skinix,58
41,2023-09-15,2023-10-14,Innotype,92
28,2024-05-26,2023-08-24,Skiptube,37
20,2023-09-06,2024-05-18,Photolist,22
91,2024-07-01,2024-07-12,Pixoboo,28
51,2023-11-10,2023-09-16,Gigashots,57
65,2023-12-06,2024-01-22,Demimbu,2
29,2024-07-11,2023-11-19,Fadeo,92
38,2023-08-30,2024-04-13,Vinte,96
4,2023-10-08,2024-05-01,Latz,54
70,2024-04-24,2024-04-30,Riffwire,32
90,2024-05-16,2023-10-13,Agivu,97
100,2023-11-18,2024-03-11,Ainyx,8
49,2023-11-18,2024-06-20,Photobean,21
90,2024-02-08,2024-05-25,Wordpedia,27
32,2024-06-21,2024-07-19,Innotype,54
7,2024-04-07,2023-09-07,Divape,55
35,2023-12-13,2024-07-21,Talane,26
89,2024-01-18,2023-09-09,Midel,45
88,2023-09-16,2024-05-08,Vipe,20
59,2024-05-01,2023-07-30,Gigazoom,58
36,2023-08-18,2024-07-18,Skyble,35
57,2024-04-16,2024-07-18,Thoughtworks,67
85,2024-01-14,2024-05-08,Youtags,57
10,2024-07-08,2024-05-19,BlogXS,77
79,2023-11-06,2024-07-07,Roodel,5
38,2024-05-04,2024-03-22,Voomm,12
46,2023-10-26,2024-05-22,Dynabox,75
75,2024-01-05,2024-05-22,Quimm,42
90,2024-07-09,2023-12-08,Eamia,88
1,2024-07-21,2023-10-25,Tanoodle,67
13,2024-05-09,2024-07-01,Quamba,3
16,2023-08-09,2024-03-09,Centizu,6
10,2023-11-20,2024-07-03,Blognation,88
80,2024-03-27,2023-08-06,Plajo,87
39,2023-11-11,2024-05-18,Voolith,56
100,2024-05-28,2024-03-31,Quire,82
48,2024-03-21,2023-10-08,Devify,81
99,2024-01-08,2023-08-18,Yodo,72
12,2023-09-04,2023-11-12,Fadeo,50
100,2024-04-02,2024-02-02,Thoughtstorm,90
39,2023-08-24,2024-01-20,Devbug,1
67,2023-07-31,2024-01-07,Oozz,95
27,2023-12-07,2024-03-19,Centizu,1
89,2023-12-06,2024-02-02,Babbleopia,64
84,2024-02-06,2023-10-24,Jabbertype,43
100,2023-08-30,2024-03-26,Latz,62
58,2023-10-16,2024-06-30,Yodel,71
89,2024-02-07,2023-11-23,Aibox,25
96,2024-07-18,2024-05-11,Gabcube,17
30,2023-12-04,2024-01-28,Flashspan,55
94,2024-04-01,2023-10-22,Abatz,4
13,2023-08-03,2024-01-18,Flashset,22
19,2024-06-15,2024-01-09,Quire,58
45,2024-07-15,2024-06-19,Skyba,54
27,2024-05-03,2024-02-12,Wordware,2
77,2024-02-18,2024-05-14,Meeveo,62
59,2024-06-15,2024-06-30,Photobean,35
44,2023-12-18,2024-03-16,Skyndu,60
60,2024-01-30,2024-05-20,Twimm,97
19,2024-05-01,2023-08-25,Buzzdog,63
63,2023-09-05,2024-05-12,Kanoodle,75
8,2024-02-18,2023-10-26,Jabbersphere,96
34,2023-08-29,2023-09-23,Yata,78
43,2023-09-16,2023-11-24,Oyoyo,70
21,2024-03-23,2024-07-15,Flashdog,97
30,2023-08-15,2023-11-14,Yodoo,32
26,2024-05-02,2023-08-30,Rhyloo,44
88,2023-10-07,2024-02-24,Viva,43
91,2024-06-22,2023-08-02,Janyx,71
86,2023-11-12,2023-09-23,Pixope,57
84,2023-09-18,2023-11-29,Shuffledrive,26
25,2024-07-04,2024-07-18,Fadeo,91
88,2023-10-20,2024-06-13,Flipbug,11
67,2024-01-12,2024-01-10,Gabspot,66
94,2024-06-02,2024-07-20,Fivechat,65
75,2024-02-18,2024-07-14,Babbleset,49
65,2023-10-30,2024-07-20,Kwinu,86
7,2024-01-12,2023-09-24,Meevee,13
43,2024-01-24,2024-06-26,Twitterbridge,73
17,2024-04-25,2024-02-24,Buzzshare,52
22,2024-07-18,2024-03-13,Mycat,9
73,2024-03-10,2023-12-07,Mynte,62
7,2024-05-28,2024-05-19,Rhyzio,23
40,2023-07-30,2024-07-29,Yodo,81
41,2024-06-19,2023-11-03,Tagcat,28
39,2024-01-27,2024-05-21,Thoughtsphere,85
18,2024-07-03,2024-05-05,Chatterbridge,5
82,2024-03-26,2024-05-17,Oyoba,64
29,2024-07-08,2024-06-20,Innotype,27
59,2024-04-16,2024-05-23,Realfire,95
12,2024-02-24,2023-11-23,Skyba,89
77,2023-09-03,2023-10-26,Innojam,84
89,2023-10-28,2023-10-04,Quimm,20
35,2024-06-19,2023-10-26,Digitube,34
38,2023-09-28,2024-07-12,Vinder,23
41,2024-03-16,2024-02-12,Gevee,46
10,2023-11-05,2024-04-20,Jaxbean,97
79,2024-03-01,2023-12-24,Bluejam,88
94,2023-12-30,2024-06-09,Voonte,37
48,2023-09-05,2024-07-16,Vidoo,33
47,2023-09-27,2023-09-29,Edgeclub,47
71,2023-09-15,2023-08-31,Skinix,82
66,2024-03-17,2024-06-18,Photobean,28
90,2023-09-07,2023-09-24,Demivee,16
70,2024-05-11,2023-09-20,Twitterbeat,44
81,2024-03-02,2023-09-01,Mycat,45
52,2024-06-10,2023-09-03,Divavu,94
66,2024-03-23,2023-11-06,Yacero,78
66,2024-03-22,2023-09-24,Aibox,56
29,2023-11-08,2023-12-28,Fivebridge,58
49,2024-01-18,2024-05-21,Mybuzz,66
14,2024-05-14,2023-10-21,Trupe,45
78,2024-01-12,2024-02-27,Feedspan,74
52,2024-01-29,2023-11-05,Plambee,20
39,2023-08-13,2024-02-17,Ooba,22
87,2023-12-21,2024-07-07,Voonyx,26
57,2023-09-27,2023-11-28,Dynabox,88
64,2023-12-11,2024-04-07,Yodoo,50
33,2024-04-08,2024-01-29,Yodel,58
21,2024-05-15,2023-12-05,Thoughtmix,99
2,2024-06-01,2024-02-02,Zoomlounge,65
1,2024-04-09,2024-06-21,Skidoo,5
11,2023-11-26,2023-10-17,Flashpoint,42
2,2024-05-15,2023-07-30,Demizz,67
57,2024-05-17,2024-02-03,Babbleopia,78
75,2023-08-11,2024-04-28,Lajo,38
30,2024-07-29,2024-07-24,Tagchat,56
87,2024-01-12,2023-08-08,Oba,56
12,2023-09-28,2024-01-23,Tambee,18
71,2023-10-23,2024-01-15,Rhyzio,100
40,2024-07-05,2024-04-22,Jetwire,32
37,2024-03-19,2023-08-17,Roomm,18
1,2024-04-29,2024-05-29,Twitternation,78
15,2023-10-28,2023-08-05,Vitz,5
46,2023-08-20,2023-08-19,Browsetype,11
23,2024-03-14,2023-08-02,Avamm,33
4,2023-11-16,2024-06-11,Photolist,7
41,2023-11-08,2023-12-08,Zazio,78
32,2023-12-16,2023-09-28,Shufflebeat,80
33,2024-04-21,2023-11-17,Voonyx,65
49,2024-01-16,2023-09-15,Twimbo,82
16,2024-02-15,2023-08-06,Feedfish,49
20,2024-07-24,2024-03-23,Browseblab,73
37,2023-11-26,2023-08-28,Roodel,77
92,2023-09-26,2024-06-21,Skyba,56
72,2024-06-03,2024-04-21,Wordware,53
81,2024-01-18,2024-07-19,Twiyo,4
32,2023-11-03,2024-03-05,Jayo,29
84,2023-12-11,2024-01-15,Meembee,45
80,2023-11-29,2023-09-12,Centimia,32
5,2024-03-22,2024-07-23,Zoozzy,69
57,2024-02-11,2023-12-10,Voomm,10
69,2024-04-22,2024-05-31,Rhyloo,18
26,2024-04-15,2024-05-02,Dynava,27
53,2023-10-07,2023-12-05,Aimbo,49
97,2023-10-30,2023-10-09,Tagpad,45
97,2023-12-06,2024-03-18,Yambee,24
28,2023-10-22,2024-03-14,Gigabox,72
12,2024-07-22,2023-11-08,Innotype,39
28,2023-08-14,2024-03-03,Eayo,96
44,2024-01-12,2023-11-23,Wikizz,2
6,2024-03-31,2023-12-24,Layo,98
51,2023-10-29,2024-05-27,Kare,56
29,2023-08-03,2024-07-18,Dabvine,37
41,2023-11-12,2024-05-12,Bubblebox,94
98,2023-12-15,2023-12-27,Oba,30
17,2023-11-24,2024-06-25,Agimba,62
9,2024-06-04,2023-10-24,Meevee,38
79,2023-11-09,2024-07-01,Browsedrive,36
31,2023-11-13,2023-10-05,Gabtype,34
76,2024-04-13,2024-02-28,Fatz,71
51,2023-08-20,2023-11-26,Zoomzone,81
9,2023-12-23,2024-04-17,Browsetype,83
83,2023-12-08,2024-02-15,Rhynyx,6
69,2023-12-10,2024-05-05,Blogtags,14
14,2023-11-18,2024-05-17,Trupe,41
96,2023-09-25,2023-09-29,Aimbo,98
30,2024-04-16,2023-09-24,Yodo,56
53,2023-12-23,2023-12-18,Jatri,22
20,2023-11-26,2024-07-07,Kayveo,72
51,2024-02-10,2024-04-27,Dabvine,42
59,2024-01-19,2023-11-19,Innotype,55
13,2023-11-18,2024-06-04,Zazio,47
68,2024-01-18,2024-06-25,Demivee,75
52,2024-06-04,2024-03-07,Topdrive,27
71,2024-06-05,2024-04-02,Flipopia,29
40,2024-05-17,2024-07-11,Gigashots,36
2,2023-10-22,2024-03-01,Vinder,78
96,2023-09-30,2024-04-05,Jamia,20
21,2024-03-10,2024-03-25,Edgepulse,41
29,2023-12-20,2024-04-18,Zoonoodle,87
100,2024-05-30,2024-07-12,Plajo,88
32,2023-08-25,2024-07-04,Tagchat,27
17,2024-02-15,2023-10-12,Topicshots,29
81,2024-03-31,2023-09-30,Jaxworks,70
9,2024-07-24,2023-10-09,Linktype,88
47,2024-01-11,2024-03-15,Skivee,18
56,2024-04-13,2024-06-10,Viva,60
78,2024-04-01,2024-07-06,Kanoodle,5
36,2023-08-25,2024-01-28,Agivu,2
17,2023-12-29,2024-07-06,Tagfeed,93
38,2024-04-11,2024-06-09,Edgetag,42
54,2024-06-24,2023-08-15,Cogidoo,22
72,2024-07-26,2024-06-11,Pixoboo,74
35,2023-09-30,2023-12-30,Quinu,4
44,2024-06-17,2024-05-29,Edgeclub,19
10,2023-12-01,2024-01-08,Buzzbean,15
42,2023-10-08,2023-10-24,Youspan,67
81,2023-12-30,2023-12-18,Shufflebeat,53
83,2024-04-10,2024-01-25,Mudo,40
79,2024-06-01,2023-12-30,Vipe,27
33,2023-10-03,2023-08-04,Layo,74
51,2024-05-16,2024-06-08,Gabcube,68
34,2024-01-09,2023-08-08,Skaboo,26
32,2024-01-30,2024-06-18,Janyx,59
46,2024-04-19,2024-04-26,Cogilith,63
64,2023-12-26,2024-02-23,Realpoint,88
95,2023-10-25,2023-08-09,Mita,80
14,2024-01-10,2023-11-28,Fiveclub,81
89,2024-02-11,2024-07-05,Lazz,23
54,2024-06-09,2024-03-30,Thoughtstorm,38
36,2024-04-05,2023-12-05,Livetube,49
40,2023-10-03,2023-10-27,Skynoodle,92
14,2023-08-03,2024-06-10,Divape,63
9,2024-02-14,2024-01-13,Tagopia,100
22,2023-11-24,2023-11-10,Meevee,33
63,2024-01-05,2024-05-12,Tambee,26
75,2024-02-18,2024-06-02,Edgeclub,51
40,2023-12-01,2024-04-25,Photobug,72
33,2024-05-21,2024-05-17,Dablist,38
35,2024-05-10,2024-04-10,Voonix,36
3,2024-04-30,2024-06-28,Meemm,83
21,2023-12-09,2023-11-19,Gigaclub,67
30,2024-06-24,2024-02-05,Devify,28
27,2024-06-06,2024-07-25,Mycat,33
41,2023-12-27,2024-06-29,Trilith,78
86,2024-06-01,2023-08-05,Yabox,49
90,2023-10-01,2024-03-10,Gigaclub,98
58,2023-12-25,2024-03-11,BlogXS,42
42,2024-02-23,2024-01-23,Roombo,88
55,2024-02-22,2024-07-25,Leexo,76
18,2023-11-26,2023-08-27,Tagopia,67
61,2024-06-04,2023-11-01,Fiveclub,80
63,2023-12-04,2024-05-03,Yadel,98
22,2024-07-04,2023-12-11,Realmix,67
22,2023-11-27,2024-06-24,Thoughtbeat,93
63,2024-06-22,2023-11-19,Mudo,74
78,2023-11-29,2023-11-23,Lajo,59
36,2024-04-09,2023-10-26,Brainbox,23
16,2024-04-07,2024-05-10,Livefish,19
88,2024-03-03,2024-04-12,Blogpad,14
19,2023-10-07,2023-09-29,Bubblemix,45
25,2024-04-15,2024-06-16,Babbleset,32
82,2024-04-08,2023-10-24,Bluezoom,86
25,2023-12-14,2023-10-17,Kwimbee,27
56,2024-07-22,2023-09-22,Trilia,4
91,2023-12-08,2023-08-01,Innojam,14
74,2023-10-09,2024-02-12,Oba,86
49,2024-02-13,2023-12-21,Gabtype,42
32,2024-03-29,2023-08-31,Trilith,55
27,2023-10-22,2024-01-19,Blogtags,76
45,2023-11-06,2024-07-25,Oyoyo,25
93,2024-07-18,2023-10-03,Leexo,12
26,2024-05-02,2024-07-11,Oyonder,22
91,2024-02-11,2024-03-22,Innojam,34
57,2024-06-18,2024-07-28,Plajo,16
40,2023-10-24,2024-02-20,Trilia,15
57,2024-02-09,2024-01-30,Trupe,70
10,2024-01-15,2024-01-01,Jabberstorm,51
1,2024-03-20,2024-07-23,Feedfish,73
49,2024-05-31,2023-08-20,Quatz,35
3,2023-08-17,2024-05-08,Gigazoom,5
90,2023-12-22,2023-11-04,Kaymbo,92
13,2023-09-13,2024-04-28,Photojam,99
20,2023-12-27,2023-08-21,Yata,31
54,2024-06-19,2024-06-11,Lazz,20
75,2024-01-21,2024-01-10,Meembee,35
96,2023-12-23,2024-07-28,Izio,20
67,2024-07-15,2023-12-06,Cogidoo,92
1,2023-11-03,2024-06-24,Edgetag,97
62,2024-07-28,2024-03-17,Yata,27
18,2024-01-18,2023-10-20,Photolist,76
57,2024-05-24,2024-06-01,Feedfish,19
97,2024-01-27,2023-10-11,Quatz,28
5,2024-07-23,2023-08-20,Trudoo,90
36,2024-01-06,2024-03-14,Feedfire,8
69,2024-02-24,2024-05-03,Skimia,75
58,2024-07-04,2023-11-27,Bluejam,59
69,2024-02-24,2023-09-19,Quaxo,1
33,2023-08-19,2024-02-05,Camimbo,9
69,2023-12-14,2024-07-29,Wikido,28
28,2024-05-25,2024-01-29,Rhynoodle,23
6,2023-08-27,2023-12-08,Yotz,100
45,2024-07-06,2023-11-17,Fadeo,1
30,2023-11-13,2023-12-20,Devbug,82
89,2024-06-29,2023-08-31,Gabtune,17
68,2024-01-15,2023-12-12,Skajo,58
27,2023-11-09,2023-08-25,Livetube,54
1,2023-11-29,2023-09-20,Rooxo,95
62,2024-05-17,2024-05-29,Flipopia,82
91,2023-08-08,2023-08-15,Eadel,75
34,2023-10-02,2023-08-16,Reallinks,91
100,2024-05-16,2024-05-06,Avaveo,97
86,2024-04-24,2024-07-11,Zoozzy,40
53,2024-02-13,2023-11-08,Edgewire,5
76,2023-08-01,2024-04-22,Photospace,82
87,2023-10-06,2024-04-27,Youopia,39
58,2024-05-30,2024-02-20,Zoonder,44
26,2024-01-04,2024-05-29,Eidel,37
97,2024-03-01,2024-04-02,Fadeo,37
47,2024-03-23,2024-03-17,Skimia,74
56,2023-12-24,2024-06-02,Dabjam,67
40,2023-08-09,2024-01-04,Eadel,51
63,2024-04-18,2024-06-23,Zoomzone,82
12,2024-06-24,2024-01-26,Edgeify,71
59,2024-03-16,2024-02-03,Dabvine,27
57,2023-09-12,2023-08-31,Flipopia,52
45,2024-05-29,2023-08-11,Zava,52
5,2024-06-27,2024-02-26,Dabfeed,92
55,2023-10-22,2024-04-18,Feedfire,42
9,2023-09-21,2024-04-21,Aivee,2
90,2024-04-04,2024-07-17,Midel,48
48,2024-07-25,2024-04-10,Gabvine,54
18,2024-01-27,2024-02-01,Buzzster,12
28,2024-03-11,2024-02-08,Brainverse,49
21,2023-08-24,2024-04-28,Fivechat,27
10,2023-10-27,2024-07-14,Livetube,81
18,2024-02-27,2024-03-02,Lajo,27
11,2023-11-17,2023-09-29,Skilith,84
72,2023-11-13,2023-11-29,Voonix,91
37,2024-05-02,2024-01-12,Flipopia,14
75,2023-08-14,2024-01-28,Edgeify,89
85,2023-08-19,2024-01-16,Divape,48
31,2023-08-06,2024-07-06,Browseblab,86
98,2023-10-17,2024-04-20,Meeveo,42
56,2024-02-03,2024-01-31,Aivee,34
8,2023-09-12,2024-04-28,Topiczoom,97
59,2023-10-25,2024-04-03,Jabbercube,78
98,2023-08-28,2024-03-18,Photolist,55
92,2024-06-18,2023-12-23,Katz,58
49,2023-11-15,2024-01-17,Skibox,49
39,2024-01-28,2024-06-23,Katz,96
79,2024-03-28,2024-02-14,Quaxo,19
9,2024-02-09,2023-11-07,Topiclounge,3
62,2023-09-03,2023-09-02,Omba,30
15,2024-04-08,2023-10-28,Yata,45
98,2023-09-01,2024-01-27,Quamba,100
23,2023-11-07,2023-08-20,Twinte,80
36,2023-09-25,2024-01-21,Jaxbean,98
7,2024-03-22,2024-01-12,Yodel,90
7,2024-04-30,2023-09-11,Meejo,92
75,2023-12-27,2024-01-14,Meejo,4
7,2023-12-03,2024-03-17,Ntag,9
40,2023-10-22,2023-12-04,Innojam,41
16,2024-05-30,2024-07-05,Zooxo,59
60,2024-06-10,2023-11-12,Trudeo,42
39,2024-06-18,2023-12-22,Chatterpoint,18
79,2023-12-04,2024-05-13,Yata,67
16,2023-12-06,2024-02-10,Quaxo,76
10,2023-07-31,2024-07-20,Realbuzz,12
32,2024-03-13,2023-11-12,Wikibox,88
24,2024-03-20,2024-06-05,Quinu,33
15,2023-12-28,2023-08-02,Jabbersphere,62
2,2024-03-09,2024-01-24,Roomm,25
40,2023-12-21,2023-09-22,Agivu,36
32,2023-09-23,2024-07-19,Zoomdog,62
22,2023-09-08,2024-04-26,Shuffletag,84
10,2023-08-13,2023-10-11,Shuffletag,13
77,2023-12-31,2024-01-26,Twitterbridge,49
58,2024-07-27,2024-06-10,Zoombeat,69
82,2024-04-10,2024-03-10,Thoughtbeat,31
44,2024-04-20,2023-12-07,Skyvu,9
6,2023-09-14,2023-09-20,Roomm,28
2,2023-11-15,2023-09-27,Jabbertype,93
68,2023-09-06,2024-01-13,InnoZ,28
32,2024-01-04,2024-05-14,Jabbertype,67
62,2024-03-10,2024-03-14,Yodoo,45
52,2024-05-22,2024-04-09,Fliptune,55
60,2024-06-12,2024-05-25,Geba,19
25,2024-06-12,2023-10-26,Tagfeed,93
45,2024-07-16,2023-08-04,Chatterpoint,24
56,2024-06-03,2023-11-17,Yodo,27
99,2024-05-26,2024-06-15,Quatz,63
88,2024-07-07,2024-03-18,Blogpad,54
89,2024-04-01,2023-09-12,Riffwire,23
89,2024-07-07,2024-06-22,Realbuzz,79
55,2024-06-06,2024-05-28,Yakidoo,90
40,2023-10-24,2023-10-01,LiveZ,7
10,2024-07-21,2023-11-25,Skyble,45
30,2024-07-20,2024-07-19,Realbuzz,51
15,2023-09-23,2023-11-18,Cogibox,2
33,2023-09-08,2023-08-10,Demizz,95
7,2024-04-16,2024-03-11,Rooxo,65
16,2024-05-20,2024-03-15,Edgeify,21
81,2023-09-04,2024-05-09,Kayveo,67
90,2024-05-02,2023-08-02,Mybuzz,34
1,2024-02-12,2023-08-18,Skinix,22
94,2023-08-05,2023-11-01,Miboo,84
33,2023-09-22,2024-03-19,Oozz,96
21,2024-06-09,2023-09-26,Feedmix,69
33,2023-11-18,2023-09-18,Skibox,66
17,2024-01-05,2024-04-25,Pixoboo,71
5,2023-12-04,2023-08-03,Snaptags,69
21,2023-10-15,2024-07-18,Quatz,6
59,2024-04-22,2024-05-05,Fivebridge,90
79,2024-07-27,2024-04-16,Youspan,25
27,2024-02-11,2023-12-07,Gigazoom,59
37,2024-04-18,2023-11-02,Ainyx,75
28,2024-05-05,2024-04-30,Kwideo,32
16,2024-02-04,2024-05-05,Meemm,2
54,2023-11-19,2023-11-24,Innojam,49
75,2023-09-05,2024-05-31,Avavee,91
45,2024-07-22,2024-07-19,Talane,91
82,2024-03-27,2023-11-05,Zoomlounge,62
98,2023-08-03,2024-04-27,Wordware,52
28,2024-03-09,2024-01-02,Omba,85
31,2023-08-30,2024-05-17,Tagpad,8
9,2024-05-17,2023-12-17,Mynte,17
26,2023-09-26,2023-12-19,Tagopia,68
28,2024-06-01,2023-08-24,DabZ,94
14,2023-08-20,2024-01-29,Eadel,29
99,2024-02-09,2023-12-02,Thoughtblab,77
15,2023-09-21,2023-12-31,Layo,21
94,2023-08-16,2023-09-21,Eare,32
73,2023-08-10,2024-06-19,Demizz,31
33,2023-11-21,2023-09-21,Gigaclub,23
37,2023-12-12,2024-07-24,Kwinu,53
21,2023-09-27,2024-01-02,Talane,11
35,2024-01-06,2024-04-09,Vipe,38
56,2023-11-18,2024-01-26,Buzzdog,34
3,2023-08-17,2024-04-26,Linklinks,93
3,2024-01-03,2023-09-22,Gabcube,55
40,2023-08-20,2024-06-09,Myworks,6
40,2024-03-29,2024-04-15,Gabtype,52
48,2023-11-02,2024-05-22,Chatterpoint,59
7,2023-08-09,2023-09-26,Photospace,77
58,2023-12-19,2024-03-20,Twimbo,82
65,2024-01-12,2023-12-09,Oyondu,14
45,2024-01-05,2024-01-18,Skippad,8
37,2024-02-25,2024-05-27,Kimia,27
98,2024-03-27,2024-05-28,Jaloo,44
86,2023-11-11,2023-08-19,Twimm,60
40,2023-10-07,2024-06-16,Muxo,13
60,2024-02-13,2024-02-14,Skyble,78
54,2023-12-17,2024-06-02,Kwinu,54
21,2024-04-14,2023-09-30,Vitz,44
24,2024-07-03,2023-11-27,Feedmix,4
77,2024-06-16,2023-10-13,Mynte,87
57,2024-06-03,2023-11-13,Avamm,72
31,2023-10-18,2024-02-08,Quaxo,60
57,2023-10-10,2023-12-02,Kayveo,84
56,2023-12-19,2024-03-26,Plambee,97
37,2024-03-29,2023-08-21,Katz,74
70,2024-07-21,2024-07-04,Oyondu,77
37,2023-10-28,2023-08-16,Oba,40
25,2024-04-13,2024-07-02,Realbuzz,90
78,2024-02-13,2024-04-02,Avamm,20
19,2023-09-04,2024-04-12,Bluejam,19
53,2023-10-20,2024-02-03,Leenti,51
48,2023-10-27,2024-04-25,Browseblab,37
29,2023-12-22,2023-12-27,Tanoodle,84
50,2024-05-25,2023-09-25,Skyba,75
56,2024-04-18,2024-03-05,Feedbug,97
70,2023-10-06,2024-05-29,Voolith,39
7,2024-02-16,2023-07-30,Lazz,54
95,2023-11-06,2024-02-07,InnoZ,75
23,2024-01-27,2023-11-07,Meejo,54
6,2024-05-23,2023-08-19,Oba,66
46,2024-05-08,2023-08-27,Vinte,32
61,2023-09-19,2023-08-12,Edgetag,82
18,2023-09-16,2024-05-13,Quimba,82
82,2024-05-06,2024-07-07,Wikibox,49
81,2024-06-27,2024-07-05,Fivespan,17
58,2023-09-30,2024-03-23,Topiclounge,94
62,2024-05-21,2023-08-22,Realpoint,76
52,2024-03-04,2024-02-11,Oyope,85
85,2023-09-23,2024-02-15,Feedfish,5
44,2023-08-27,2023-12-23,Yadel,83
22,2024-06-10,2023-09-22,JumpXS,63
83,2024-04-27,2023-12-11,Kazu,98
11,2024-07-25,2023-10-12,Shuffletag,64
11,2024-07-26,2024-06-08,Twitterbridge,48
49,2024-03-11,2024-05-07,Zoomlounge,16
93,2024-03-14,2024-01-23,Youtags,49
58,2023-09-27,2024-03-02,Bluejam,100
74,2024-06-07,2024-04-12,Gigaclub,56
32,2024-05-19,2024-03-17,Eamia,54
90,2024-01-23,2023-09-20,Blognation,56
2,2024-03-10,2024-04-11,Tambee,62
4,2024-01-20,2024-03-25,Abata,91
16,2024-06-06,2023-11-17,Jaxnation,98
75,2024-02-03,2024-01-10,Oloo,14
84,2024-05-24,2024-05-03,Plajo,50
59,2024-01-29,2023-10-03,Youtags,51
100,2024-04-06,2024-02-10,Trupe,98
40,2023-10-11,2023-11-19,Nlounge,43
65,2024-07-02,2024-05-31,Linktype,19
97,2024-05-29,2024-01-10,Nlounge,23
84,2024-05-17,2023-08-18,Zooxo,53
54,2024-03-02,2023-11-13,Agivu,11
5,2023-08-16,2024-06-07,Yadel,88
34,2024-05-23,2023-12-11,Topicware,42
77,2024-02-12,2023-08-07,Dablist,52
58,2024-06-24,2024-03-25,Thoughtmix,90
91,2024-03-01,2024-07-21,Thoughtbeat,85
22,2023-12-18,2023-08-02,Leexo,70
74,2023-08-02,2024-03-31,Twimm,60
12,2023-12-19,2024-04-10,Browsezoom,4
27,2023-11-06,2023-10-26,Yodoo,28
64,2024-02-07,2023-11-21,Yozio,14
18,2024-07-22,2023-10-24,Skyble,74
72,2023-09-12,2024-03-22,Voonix,61
69,2024-05-24,2024-06-11,Linktype,37
76,2024-03-08,2023-11-23,Youopia,63
91,2024-03-19,2023-09-20,Dabfeed,65
77,2024-02-23,2023-10-18,Kamba,45
45,2023-10-12,2024-05-04,Trilith,29
30,2024-06-25,2024-03-05,Rhyzio,21
63,2023-11-13,2024-03-27,Zoomlounge,97
35,2024-01-26,2024-01-12,Ntags,99
35,2024-05-24,2024-03-27,Twiyo,77
26,2023-12-10,2023-08-08,Thoughtstorm,91
70,2024-02-21,2023-11-15,Rhyzio,14
76,2023-08-02,2023-08-17,Thoughtblab,37
34,2024-01-23,2024-01-13,Skyba,76
87,2024-05-23,2023-10-23,Vimbo,37
8,2024-02-20,2023-08-17,Wordify,24
46,2024-04-25,2023-11-23,Skipstorm,52
17,2024-01-30,2024-03-18,Quamba,72
28,2023-12-30,2024-03-24,Flashdog,36
14,2024-01-06,2023-10-16,Voomm,84
10,2023-10-23,2024-01-05,Skinte,73
83,2023-12-28,2024-03-24,Twimbo,99
9,2024-06-15,2023-11-05,Brainlounge,81
65,2024-02-25,2024-07-27,Wikivu,39
23,2023-12-15,2023-11-25,Linklinks,21
19,2024-07-13,2024-02-08,Livefish,66
23,2023-11-26,2023-12-26,Pixope,57
1,2024-06-24,2024-03-03,Talane,6
8,2024-02-29,2024-04-17,Centimia,39
99,2023-08-29,2023-12-14,Skinder,52
76,2024-01-06,2024-01-31,Zoomdog,76
34,2024-05-16,2024-07-25,Quatz,99
66,2023-08-15,2024-01-08,Cogilith,91
86,2023-08-21,2024-07-13,Zoovu,34
51,2024-04-03,2024-03-22,Aibox,40
13,2023-08-18,2024-06-19,Roombo,63
32,2023-09-26,2023-11-29,Linkbuzz,52
6,2024-01-22,2024-05-18,Realbridge,3
75,2023-09-07,2023-11-28,Babbleblab,22
6,2023-09-30,2024-05-14,Lajo,52
86,2023-10-23,2024-07-21,JumpXS,34
66,2024-07-16,2024-02-29,Feedspan,61
68,2024-05-02,2024-06-01,Realmix,60
91,2024-06-18,2023-08-19,Gabcube,11
73,2024-04-06,2024-04-27,Vipe,61
32,2023-12-27,2024-05-08,Ntags,38
21,2024-03-20,2024-03-24,Gigabox,52
58,2024-03-12,2023-11-19,Fivespan,24
70,2024-03-23,2024-03-18,Kanoodle,10
33,2023-09-14,2024-01-10,Tagchat,66
38,2024-02-21,2023-11-27,Feedfire,67
73,2023-10-06,2024-02-17,Zooveo,27
5,2023-12-03,2024-01-15,Dablist,84
48,2023-09-13,2024-04-28,Meetz,10
44,2024-03-05,2023-09-07,Riffpath,100
69,2023-09-07,2023-08-10,Kare,47
62,2024-04-25,2023-09-19,Fatz,83
13,2023-11-08,2023-10-31,Tagfeed,50
35,2023-10-10,2023-09-18,Youfeed,65
89,2024-06-18,2024-05-21,Topicstorm,32
69,2023-11-26,2024-07-11,Dynazzy,33
41,2023-10-15,2024-06-20,Photobug,9
55,2024-01-07,2024-03-20,Jetwire,42
73,2024-01-25,2024-02-25,Roombo,38
20,2024-05-08,2024-06-15,Lazzy,2
80,2023-11-12,2024-05-30,Edgewire,90
61,2023-12-30,2024-03-31,Meedoo,52
65,2023-12-08,2024-01-07,Trudoo,44
27,2024-05-15,2023-12-10,Flashdog,22
63,2024-03-10,2023-09-13,Quinu,26
35,2023-09-16,2023-12-03,Jaxnation,97
35,2024-04-07,2023-11-27,Geba,58
24,2024-01-09,2024-02-23,Kayveo,26
5,2023-09-19,2024-06-25,Yambee,72
3,2024-07-21,2024-01-30,Youbridge,57
6,2023-11-26,2023-09-23,Kwilith,28
33,2023-11-24,2023-10-06,Cogidoo,38
3,2024-07-22,2024-03-26,Aimbu,82
23,2024-07-22,2024-06-18,Riffpedia,40
78,2024-01-28,2024-07-28,Devify,96
59,2023-12-01,2024-06-20,Edgewire,20
29,2023-08-26,2024-03-07,Kwinu,17
78,2024-01-31,2023-10-05,Kwimbee,68
51,2024-02-10,2024-07-12,Gabtune,47
70,2023-09-04,2024-04-04,Browseblab,34
20,2023-11-26,2024-03-06,Kayveo,47
26,2024-01-27,2023-10-27,Zooxo,68
61,2024-01-30,2023-09-12,Podcat,6
82,2024-03-13,2024-01-31,Oloo,57
64,2024-05-06,2024-06-07,Flashpoint,42
1,2024-07-18,2023-09-19,Lajo,13
36,2024-04-06,2023-08-01,Bubblemix,100
10,2023-08-06,2024-07-13,Eidel,85
16,2024-02-25,2023-12-22,Buzzdog,65
90,2024-03-22,2024-02-12,Talane,38
65,2023-11-04,2023-10-18,Edgeify,54
19,2023-11-19,2024-02-08,Blognation,3
83,2023-11-29,2024-07-04,Abatz,35
95,2024-01-02,2023-11-18,Podcat,46
53,2024-01-23,2024-05-14,Thoughtsphere,96
76,2023-12-14,2024-02-07,Aimbo,40
65,2024-06-18,2024-03-18,Brightdog,47
16,2024-06-12,2024-04-10,Bluezoom,2
46,2023-08-24,2023-09-15,Riffpedia,81
75,2024-03-03,2023-09-10,Tagcat,89
82,2024-01-30,2023-08-10,Skynoodle,24
75,2024-05-23,2024-02-28,Yata,81
78,2023-10-21,2023-09-24,Babbleopia,2
23,2023-09-27,2024-04-21,Fivechat,1
86,2023-08-29,2024-07-18,Feedfish,100
36,2024-03-11,2023-11-26,Riffwire,8
42,2023-08-19,2024-04-22,Topicblab,72
24,2023-10-17,2024-07-11,Linkbuzz,37
96,2024-07-15,2024-05-07,Jabberbean,71
22,2023-11-06,2023-10-21,Brainlounge,72
60,2024-06-21,2023-12-20,Talane,45
50,2024-07-20,2024-06-15,Voonder,16
3,2024-04-04,2024-06-21,Rooxo,22
21,2024-06-19,2024-06-14,Wikido,40
34,2023-08-20,2023-11-06,Npath,53
13,2024-03-28,2024-07-15,Rhynoodle,29
25,2024-05-13,2024-02-03,Photolist,60
71,2023-09-18,2024-07-16,Yakidoo,16
98,2023-07-30,2023-12-12,Voolia,67
38,2024-04-05,2023-12-27,Skidoo,4
23,2023-10-24,2024-05-26,Buzzster,24
64,2023-10-07,2024-07-19,Topicshots,98
38,2023-09-20,2024-03-04,Tanoodle,93
76,2024-07-13,2023-08-05,Zoovu,7
27,2024-07-05,2024-07-01,Feedspan,6
9,2024-01-12,2024-02-28,Eazzy,99
62,2023-08-22,2024-02-11,Skidoo,47
54,2023-12-01,2023-09-03,Mita,97
76,2024-02-09,2024-07-10,Quamba,23
9,2024-05-17,2024-04-04,Dynabox,93
12,2024-05-08,2024-03-16,Avamba,72
2,2023-12-07,2024-07-09,Skibox,53
38,2023-11-08,2024-01-04,Vinder,66
77,2024-06-05,2024-02-21,Brightbean,65
24,2023-12-06,2024-03-22,Oyonder,75
33,2024-06-09,2024-06-26,Tazzy,94
68,2024-05-24,2024-06-11,Ainyx,44
4,2024-05-25,2023-08-31,Yambee,24
63,2023-09-07,2023-08-06,Tazzy,68
71,2023-09-18,2024-06-13,Yakitri,61
51,2024-05-16,2023-10-05,Agimba,3
87,2024-04-23,2024-06-27,Fadeo,79
84,2024-06-06,2024-06-06,Quire,7
92,2024-06-16,2024-01-21,Wordify,1
70,2024-04-06,2023-12-18,Innojam,29
10,2024-03-08,2024-06-23,Dynabox,22
91,2023-11-11,2024-06-26,Skinder,70
24,2024-05-30,2023-11-10,Voolith,17
68,2023-12-24,2023-10-03,Thoughtblab,94
95,2024-07-04,2023-08-09,Jayo,45
100,2023-08-13,2023-09-24,Jaxnation,79
76,2023-10-19,2024-07-08,Meemm,85
91,2023-11-14,2024-03-10,Jabberstorm,73
92,2024-03-10,2023-11-18,Meeveo,78
29,2023-09-27,2023-12-21,Meevee,87
70,2023-10-07,2023-10-26,Yadel,38
76,2023-10-11,2024-02-05,Divanoodle,99
10,2024-04-25,2024-07-17,Meemm,7
89,2024-04-11,2023-11-29,Jamia,53
73,2023-11-28,2024-04-23,Skyble,33
69,2024-05-03,2024-05-05,Shufflebeat,26
18,2024-03-12,2023-08-09,Bubblebox,40
10,2023-11-09,2023-11-25,Fliptune,94
10,2024-04-08,2024-07-10,Gabtune,40
21,2023-11-07,2024-04-21,Devify,98
11,2024-05-25,2023-09-28,Dynabox,71
79,2023-11-28,2024-02-23,Katz,62
48,2023-12-12,2023-09-02,Chatterpoint,52
65,2023-08-01,2024-01-05,Tagpad,100
19,2024-06-07,2023-08-18,Photobug,93
32,2023-08-06,2023-11-18,DabZ,4
60,2024-03-01,2024-03-02,Skidoo,82
24,2024-07-02,2023-09-20,Trupe,57
58,2024-01-15,2023-12-08,Jaxworks,33
65,2023-10-25,2023-11-03,Podcat,73
71,2023-10-20,2024-01-29,Janyx,66
41,2023-10-03,2023-11-28,Plajo,33
9,2023-12-10,2024-04-08,Tambee,32
24,2024-04-01,2024-07-20,Thoughtstorm,57
51,2024-06-11,2023-08-05,Twinte,19
52,2024-03-19,2023-09-03,Brightdog,53
49,2024-03-05,2023-11-19,Oodoo,5
45,2024-07-14,2024-07-29,Digitube,64
29,2024-04-27,2023-08-04,Roombo,88
49,2024-02-13,2024-04-06,Jetwire,99
82,2024-06-11,2024-04-17,Kimia,58
33,2024-01-23,2024-07-08,Aivee,23
57,2024-04-22,2023-10-12,Jayo,57
23,2023-09-16,2024-04-22,Blognation,56
13,2024-01-20,2023-09-14,Camimbo,60
10,2023-09-01,2024-04-19,Fanoodle,6
96,2023-10-18,2024-05-04,Eabox,59
81,2023-11-05,2024-07-09,Topicblab,25
90,2024-06-12,2024-06-17,Skyba,9
61,2023-10-17,2024-04-19,Centidel,51
52,2024-07-21,2024-03-26,Voonix,28
62,2023-11-10,2024-07-08,Gigaclub,99
33,2024-01-03,2023-10-09,Agivu,6
41,2023-11-29,2024-04-05,Brainverse,71
67,2024-01-23,2023-11-04,Skidoo,37
54,2024-05-19,2024-05-17,Riffwire,53
54,2024-01-12,2023-10-26,Photobean,37
9,2023-10-08,2024-01-28,Shufflebeat,14
92,2023-09-19,2023-11-26,Youopia,100
91,2024-05-15,2024-04-23,Twitterbridge,32
24,2023-11-24,2023-11-04,Yombu,25
50,2023-11-04,2024-02-10,Voonte,33
35,2024-02-28,2023-11-10,Browsebug,34
63,2023-08-07,2024-05-04,LiveZ,48
44,2023-12-04,2023-08-29,Edgeify,79
52,2024-03-21,2023-10-20,Miboo,47
42,2024-01-07,2024-03-03,Realbridge,2
58,2024-04-05,2024-03-06,Topicshots,37
23,2023-10-12,2024-02-05,Trunyx,95
85,2024-01-07,2024-07-02,Leenti,74
68,2023-09-13,2024-02-28,Feedbug,13
86,2024-01-24,2024-02-10,Babbleblab,37
10,2024-06-04,2023-07-31,Tekfly,74
41,2023-11-10,2023-09-21,Zava,50
65,2024-07-09,2023-08-03,Vipe,39
2,2024-05-28,2023-07-30,Edgeclub,22
89,2024-03-25,2024-05-07,Meemm,56
9,2023-10-02,2024-01-22,Jamia,37
60,2024-04-13,2023-09-11,Voomm,100
52,2024-03-27,2023-11-06,Podcat,15
87,2023-09-16,2024-06-06,Quaxo,91
18,2024-02-17,2024-01-04,Dablist,70
97,2023-10-17,2023-08-10,Yakitri,36
57,2023-09-17,2023-12-08,Youspan,64
95,2024-01-21,2024-06-30,Wordware,77
97,2023-12-15,2023-10-09,Avamm,5
71,2024-05-05,2023-11-10,Rhynoodle,91
35,2024-05-08,2024-04-05,Fivechat,45
47,2023-08-30,2023-12-05,Jetpulse,12
71,2024-05-11,2024-06-16,Lajo,3
24,2023-08-30,2023-10-05,Kwilith,90
77,2024-03-22,2024-01-22,Wordware,92
78,2023-08-17,2023-10-26,Meevee,31
21,2024-02-05,2024-07-07,Brainlounge,24
51,2024-04-05,2023-08-10,Wikivu,44
86,2023-10-05,2023-08-03,Flipbug,12
80,2024-05-14,2024-02-16,Plambee,82
54,2024-02-08,2024-04-03,Divape,62
73,2023-12-11,2024-07-04,Kwilith,19
68,2023-08-18,2024-06-20,Dynabox,27
94,2024-05-24,2024-05-09,Shuffledrive,67
92,2024-03-19,2024-04-21,Cogilith,16
91,2024-05-11,2024-05-10,Skippad,38
37,2024-02-29,2024-03-05,Quamba,96
78,2023-11-23,2024-06-07,Photobug,97
61,2024-05-20,2024-06-29,Dynabox,64
55,2024-06-27,2023-08-07,Mynte,43
44,2024-01-19,2024-01-25,Fiveclub,76
51,2024-02-17,2024-06-07,Digitube,45
73,2023-09-02,2023-10-07,Fliptune,5
66,2023-11-28,2024-01-06,Brightdog,24
53,2024-03-21,2024-03-24,Thoughtbeat,35
94,2023-11-23,2024-03-09,Linkbuzz,26
97,2023-09-28,2023-10-23,InnoZ,77
60,2023-08-02,2023-11-26,Latz,84
97,2023-10-09,2023-11-03,Twimm,82
96,2023-09-18,2024-03-07,Yamia,37
17,2024-06-11,2024-05-19,Pixonyx,16
15,2024-04-12,2024-07-13,Fadeo,57
34,2023-12-25,2024-04-07,Realmix,66
63,2024-03-04,2023-09-04,Tagfeed,18
1,2024-04-17,2023-08-26,Tekfly,65
37,2023-12-15,2023-10-30,Rhynoodle,74
61,2024-02-29,2023-08-04,Thoughtbeat,65
78,2024-06-17,2024-05-02,Fatz,82
32,2024-04-22,2024-04-11,Centimia,98
51,2023-09-22,2023-08-26,Snaptags,100
97,2024-01-25,2023-08-26,Midel,4
46,2023-10-17,2024-07-17,Browsetype,99
87,2024-02-24,2024-04-29,Blogpad,47
63,2024-02-28,2023-10-04,Eamia,82
89,2023-12-08,2023-11-28,Janyx,39
87,2024-01-23,2024-03-27,Fiveclub,15
95,2024-04-08,2023-12-06,Tavu,96
65,2023-08-26,2023-12-29,Agimba,40
92,2023-10-23,2024-06-22,Livefish,99
75,2024-04-27,2024-06-22,Centidel,68
63,2024-01-30,2024-03-17,Brightbean,17
32,2023-10-18,2024-03-23,Divape,71
57,2024-01-11,2024-04-16,Skajo,56
91,2023-09-12,2023-11-01,Realbridge,27
55,2024-07-25,2023-09-20,Quimm,20
68,2024-05-22,2023-10-19,Kamba,50
4,2023-08-26,2024-05-01,Zoomdog,34
10,2024-07-27,2023-09-13,Skibox,89
56,2023-08-31,2024-02-02,Talane,28
51,2024-05-05,2024-04-30,Teklist,14
76,2023-12-19,2023-10-01,Wikizz,44
12,2024-05-30,2023-12-04,Bubblemix,94
88,2023-09-04,2023-10-31,Oodoo,37
68,2024-02-29,2024-07-17,Demimbu,60
52,2024-07-03,2024-01-09,Centidel,92
50,2024-04-26,2024-02-28,Innotype,38
23,2024-07-11,2023-08-25,Eamia,83
50,2023-12-22,2023-08-29,Meevee,65
24,2024-04-28,2023-10-12,Oloo,2
71,2023-11-09,2024-04-22,Mybuzz,92
27,2023-11-24,2024-04-01,Voolith,89
76,2024-03-21,2024-01-08,Rooxo,83
62,2024-01-07,2024-05-19,Devpoint,73
